Offer_Name,Offer_Description,Brand_Funding_Percentage,Liquidation_Funding_Percentage,Brand_Funding_Absolute_Value,Start_Date,End_Date,Item_ID,Purchase_Quantity,All_Cities_Discount_Percentage,All_Cities_Disable_Items,Bengaluru_Discount_Percentage,Bengaluru_Disable_Items,Mumbai_Discount_Percentage,Mumbai_Disable_Items,Pune_Discount_Percentage,Pune_Disable_Items,Chennai_Discount_Percentage,Chennai_Disable_Items,Hyderabad_Discount_Percentage,Hyderabad_Disable_Items,Ahmedabad_Discount_Percentage,Ahmedabad_Disable_Items,Delhi_Discount_Percentage,Delhi_Disable_Items,Noida_Discount_Percentage,Noida_Disable_Items,Gurgaon_Discount_Percentage,Gurgaon_Disable_Items,Jaipur_Discount_Percentage,Jaipur_Disable_Items,Lucknow_Discount_Percentage,Lucknow_Disable_Items,Kolkata_Discount_Percentage,Kolkata_Disable_Items,Faridabad_Discount_Percentage,Faridabad_Disable_Items,B2B Delhi_Discount_Percentage,B2B Delhi_Disable_Items,Sonepath_Discount_Percentage,Sonepath_Disable_Items,Offer_Category,status,comment,
"CONCAT(""Name of the person who is creating sheet_"",""Offer_PID_"",""_Item_ID_"",""Cities in which this offer will be active"")","CONCAT(""Name of the Product_"",""Pack_of_"",""_Multiplier"")",13,0,,2019-06-18T12:00:00,2019-06-30T23:59:00,10000892,2,,,25,,26,,26,,5,,,,,,,,,,,,,,,,,,,,,,,,Merchant offer,success,G00099680,(Offer Reference ID)
"CONCAT(""Name of the person who is creating sheet_"",""Offer_PID_"",""_Item_ID_"",""Cities in which this offer will be active"")","CONCAT(""Name of the Product_"",""Pack_of_"",""_Multiplier"")",0,0,,2019-06-18T12:00:00,2019-06-30T23:59:00,10001246,2,,,,,42,,,,,,,,56,,,,,,,,,,,,,,,,,,,,Merchant offer,success,G00099683,(Offer Reference ID)
"CONCAT(""Name of the person who is creating sheet_"",""Offer_PID_"",""_Item_ID_"",""Cities in which this offer will be active"")","CONCAT(""Name of the Product_"",""Pack_of_"",""_Multiplier"")",15,0,,2019-06-18T12:00:00,2019-06-30T23:59:00,10002837,2,,,,,,,,,,,,,,,,,58,,,,,,,,,,,,,,,,Merchant offer,success,G00099677,(Offer Reference ID)
"CONCAT(""Name of the person who is creating sheet_"",""Offer_PID_"",""_Item_ID_"",""Cities in which this offer will be active"")","CONCAT(""Name of the Product_"",""Pack_of_"",""_Multiplier"")",,,5,2019-06-18T12:00:00,2019-06-30T23:59:00,10001734,2,,,,,,,,,,,,,,,,,,,19,,,,19,,,,,,,,,,Merchant offer,success,G00099681,(Offer Reference ID)
